Name;Last Online (Days);Join Date;Realm Name
Abelincõln;32;2020-06-07;Tichondrius
Adonitology;22;2025-06-21;Tichondrius
Aghir;0.83;2024-08-22;Spinebreaker
Ajáx;190;2025-07-17;Tichondrius
Aklam;2;2021-01-20;Tichondrius
Alluponz;158;2025-10-09;Tichondrius
Alteffor;11;2020-10-31;Tichondrius
Andol;0.02;2026-01-19;Hellscream
Antonides;57;2025-07-02;Tichondrius
Apolleios;44;2025-03-13;Tichondrius
Asdfghkl;21;2024-07-24;Tichondrius
Ayroo;12;2023-11-25;Tichondrius
Babyfoxx;393;2023-10-09;Tichondrius
Barbedcheopz;36;2024-08-25;Area52
Barterclub;177;2025-09-05;Proudmoore
Barterclubbd;5;2025-09-05;Proudmoore
Baygul;13;2025-09-04;Tichondrius
Bburns;572;2024-07-03;Tichondrius
Bearshank;33;2023-10-08;Tichondrius
Berniesham;199;2024-08-18;Hyjal
Beárlinwall;246;2021-01-20;Tichondrius
Bibistraz;0.83;2024-09-26;Spinebreaker
Bigredbear;35;2024-08-20;Tichondrius
Bigstuff;6;2026-03-02;Nazjatar
Billytaft;408;2021-06-12;Tichondrius
Blindrath;35;2025-05-28;Thrall
Bluebulls;144;2025-10-10;Thrall
Blýthe;0.02;2025-08-09;Area52
Bmisbroken;490;2024-11-06;Proudmoore
Bowiee;0.42;2025-01-06;Thrall
Burninsolace;24;2023-09-28;Tichondrius
Bàddawg;1897;2018-10-09;Tichondrius
Bûffy;0.02;2023-08-08;Tichondrius
Caalmuus;17;2024-11-03;Mal'Ganis
Cacaothecow;203;2024-08-20;Tichondrius
Caellysta;160;2024-08-23;Area52
Callanthe;188;2024-08-20;Tichondrius
Capncrow;71;2024-08-20;Tichondrius
Caramelldans;2;2024-08-20;Tichondrius
Catalias;30;2025-08-26;Area52
Cendraigosa;2;2026-03-08;Area52
Chaác;13;2025-12-03;Tichondrius
Chcknnug;0.33;2020-06-07;Tichondrius
Cheopz;3;2026-03-01;Tichondrius
Chilaquiles;33;2025-06-21;Tichondrius
Chiltepin;104;2023-10-17;Tichondrius
Chulitos;33;2025-06-21;Tichondrius
Cohenthebarb;32;2020-06-07;Tichondrius
Comebackkid;7;2024-08-26;Tichondrius
Consummatevs;6;2020-06-07;Tichondrius
Cowlike;36;2023-09-28;Tichondrius
Cowpock;133;2025-11-03;Tichondrius
Crawling;4;2025-03-23;Zul'jin
Critsevans;238;2024-09-10;Area52
Critters;93;2024-11-03;Thrall
Crowo;9;2024-08-20;Tichondrius
Daccord;3;2023-11-04;Tichondrius
Dacheat;74;2025-12-30;Tichondrius
Danault;166;2024-11-17;Tichondrius
Dayumundo;11;2024-10-01;Proudmoore
Deeuce;0.79;2025-07-13;Tichondrius
Demondobes;166;2024-08-18;Tichondrius
Demonicsonic;1356;2018-10-09;Tichondrius
Dendroidal;860;Unknown;Tichondrius
Derbel;383;2024-09-01;Tichondrius
Detrítus;9;2020-06-07;Tichondrius
Disorient;18;2025-04-10;Thrall
Dksarebroken;410;2025-01-25;Sargeras
Dobrin;3;2024-10-09;EmeraldDream
Doescrack;386;2023-11-18;Tichondrius
Donskoi;166;2024-06-22;Tichondrius
Dorothÿ;0.71;2020-06-07;Tichondrius
Dosana;813;2023-10-09;Tichondrius
Dretzak;182;2024-10-17;SistersofElune
Drixki;157;2021-01-20;Tichondrius
Druscella;18;2020-06-07;Tichondrius
Drusciella;0.38;2020-06-07;Tichondrius
Durzi;12;2024-07-16;Tichondrius
Earthynug;18;2020-06-07;Tichondrius
Ehlers;12;2024-02-07;Tichondrius
Ekhoe;18;2025-06-21;Tichondrius
Ekman;12;2024-08-25;Tichondrius
Elbuort;32;2020-06-07;Tichondrius
Evelinda;1298;Unknown;Tichondrius
Evell;0.38;2025-03-05;Thrall
Exacuties;363;2021-01-20;Tichondrius
Fabsng;503;2024-08-20;Sargeras
Fairys;22;2024-11-05;Thrall
Faldrik;32;2024-10-19;Zul'jin
Fancycheese;562;2024-09-01;Tichondrius
Fando;5;2026-02-12;Tichondrius
Fandorial;0.21;2026-02-29;Area52
Fatherbernie;159;2025-03-26;Tichondrius
Features;565;2024-09-01;Tichondrius
Felwie;0.67;2026-03-05;Thrall
Femboyfeet;255;2024-09-01;Tichondrius
Fenderxx;0.58;2025-03-18;Illidan
Fenderzx;36;2025-10-20;Area52
Fentoozler;470;2020-06-07;Zul'jin
Festov;32;2025-01-06;Stormrage
Fillier;29;2025-10-27;Tichondrius
Flann;33;2024-11-19;Tichondrius
Flavus;20;2024-08-21;EmeraldDream
Fromlondon;819;2023-12-18;Tichondrius
Galandea;24;2020-06-07;EmeraldDream
Gamblor;403;2024-09-01;Tichondrius
Gameofcrones;249;2025-01-06;Area52
Garash;10;2026-02-12;Tichondrius
Garots;4;2025-03-24;Zul'jin
Garyspangler;1714;2021-06-12;Tichondrius
Gaspassa;45;2025-10-11;Tichondrius
Geofreyswivl;323;2020-06-07;Tichondrius
Gloomwillow;0.02;2023-10-17;Thrall
Gnaea;183;2025-03-02;MoonGuard
Graveshadow;47;2023-10-17;Tichondrius
Grimdemise;3;2023-10-17;Thrall
Grimghoulie;36;2023-10-17;Tichondrius
Grimlumos;21;2023-10-17;Thrall
Gruag;860;Unknown;Tichondrius
Guttermouth;12;2025-11-19;Area52
Guttermouth;6;2025-10-11;Kil'jaeden
Habichuelaz;3;2026-03-13;Tichondrius
Hapkin;517;2024-08-29;Tichondrius
Hapt;286;2024-08-29;Tichondrius
Haptoo;1822;2024-08-29;Tichondrius
Haptuck;281;2024-08-29;Tichondrius
Haptuk;268;2024-08-29;Tichondrius
Haptyc;550;2024-08-29;Tichondrius
Haptïc;546;2024-08-29;Tichondrius
Healynugs;8;2020-06-07;Tichondrius
Hennil;2;2025-01-02;Area52
Hernn;36;2023-09-29;Tichondrius
Hinnel;36;2025-06-22;Area52
Holymilkz;3;2026-03-07;Tichondrius
Holynugs;0.38;2020-06-07;Tichondrius
Homestarrunr;14;2020-06-07;Tichondrius
Hydrospark;404;2024-07-03;Tichondrius
Hypieron;849;2023-11-21;Tichondrius
Icebox;69;2024-08-20;Tichondrius
Icewie;0.75;2026-03-10;Thrall
Ichidakiller;432;2025-01-04;Area52
Ijbola;19;2025-10-06;Proudmoore
Imshonuff;164;2024-08-23;Area52
Itsmaybeline;32;2020-06-07;Tichondrius
Ixobelle;104;2025-12-02;Tichondrius
Ixorian;12;2020-06-07;Tichondrius
Ixxo;2;2020-11-01;Tichondrius
Jackills;19;2023-11-17;Tichondrius
Jandazz;484;2021-01-20;Tichondrius
Janecke;60;2025-11-10;Tichondrius
Jazzlight;0.63;2024-08-03;Tichondrius
Johnrobie;0.75;2020-06-07;Tichondrius
Johntyler;1703;2021-06-12;Tichondrius
Jonathanlock;1714;2021-06-12;Tichondrius
Junch;0.5;2026-03-14;Tichondrius
Juto;3;2025-05-10;EmeraldDream
Kamandi;135;2024-08-26;Tichondrius
Kanyepest;33;2025-12-01;Tichondrius
Kartye;605;2023-12-24;Tichondrius
Katarä;813;2023-10-09;Tichondrius
Kelaea;98;2024-10-11;Proudmoore
Khoudrakan;98;2024-08-23;Proudmoore
Khufuz;22;2025-06-21;Area52
Koã;18;2020-09-03;Tichondrius
Krisma;429;2024-12-14;MoonGuard
Krygier;18;2024-06-15;Tichondrius
Kurri;380;2024-07-02;Tichondrius
Kynorik;828;Unknown;Tichondrius
Kynthara;98;2024-08-22;Proudmoore
Kyssan;1226;2020-06-07;Tichondrius
Lilsquirts;29;2026-01-23;Tichondrius
Linkertoo;0.63;2025-08-23;Gallywix
Llamedos;505;2020-06-07;Tichondrius
Loràx;8;2020-06-07;Tichondrius
Loubert;182;2025-02-25;Tichondrius
Lowinterest;32;2020-06-07;Tichondrius
Luvisious;3;2025-07-22;Area52
Macklin;74;2025-11-19;Tichondrius
Magibernie;248;2025-07-09;Proudmoore
Makewar;6;2024-08-26;Tichondrius
Marsoupial;359;2024-11-01;EmeraldDream
Marychoppins;493;2024-08-31;Illidan
Marzipann;14;2020-06-07;Tichondrius
Maued;6;2026-02-25;Stormrage
Mcmurray;11;2024-11-12;Illidan
Mediumwizard;2;2026-03-10;Thrall
Meritites;0.58;2026-01-19;Tichondrius
Merititez;36;2024-08-22;Area52
Mmbop;22;2025-12-14;EmeraldDream
Mortania;2;2026-02-25;Area52
Mothras;2;2024-11-05;Thrall
Msweatherwax;505;2020-06-07;Tichondrius
Muhcurse;5;2023-10-14;Tichondrius
Murderdirt;11;2024-06-24;Tichondrius
Murderrtea;32;2020-06-07;Tichondrius
Murdertea;32;2020-06-07;Tichondrius
Murderteaa;32;2020-06-07;Tichondrius
Murderteados;32;2020-06-07;Tichondrius
Murdertee;23;2020-06-07;Tichondrius
Murderteea;32;2020-06-07;Tichondrius
Mxpx;6;2024-08-30;Tichondrius
Møkri;213;2024-09-01;Hyjal
Neat;15;2025-12-18;Aegwynn
Neat;15;2025-12-18;AltarofStorms
Neat;4;2025-12-18;Anetheron
Neat;12;2025-12-16;Arygos
Neat;15;2025-12-19;Cairne
Neat;15;2025-12-22;Daggerspine
Neat;15;2025-12-19;DarkIron
Neat;0.5;2026-01-19;Kil'jaeden
Neat;7;2026-01-22;Misha
Neat;15;2025-12-16;Muradin
Neat;3;2026-01-14;Nazgrel
Neat;4;2026-02-07;Nesingwary
Neat;15;2025-12-07;Rivendare
Neat;15;2025-12-22;Vashj
Nebinzeebonk;160;2024-09-17;Mal'Ganis
Negapilat;33;2025-10-06;Tichondrius
Nishanaz;36;2025-09-21;Hellscream
Nugbeau;258;2020-06-07;Tichondrius
Nugbo;0.63;2020-06-07;Tichondrius
Nugbow;7;2020-06-07;Tichondrius
Nugbrew;5;2020-06-07;Tichondrius
Nugbro;7;2020-06-07;Tichondrius
Nugzo;20;2020-06-07;Tichondrius
Nurios;160;2025-10-07;SistersofElune
Nykkemon;5;2025-09-09;Area52
Nykkus;12;2025-08-19;Area52
Odetheos;0.58;2026-02-28;Area52
Odetheus;0.58;2026-03-08;Area52
Ogixo;48;2025-10-07;Tichondrius
Onlybraincel;35;2024-07-29;Tichondrius
Ooklibrarian;22;2020-06-07;Tichondrius
Orchàrd;80;2023-10-09;Tichondrius
Orclays;482;2021-01-20;Tichondrius
Ozmos;18;2025-12-09;Arthas
Padhi;0.46;2026-02-04;Spinebreaker
Padi;0.88;2025-01-25;Spinebreaker
Paloudin;71;2024-09-03;Tichondrius
Pashis;18;2020-06-07;Tichondrius
Pewpewtrain;1897;2018-10-09;Tichondrius
Pilaf;16;2023-10-08;Tichondrius
Pilag;20;2023-10-08;Tichondrius
Pilaj;23;2023-10-08;Tichondrius
Pilak;16;2023-10-08;Tichondrius
Pilal;33;2023-10-08;Tichondrius
Pilap;11;2023-10-08;Tichondrius
Pilaq;33;2023-10-08;Tichondrius
Pilash;14;2023-10-08;Tichondrius
Pilat;0.04;2023-10-08;Tichondrius
Pilava;10;2023-10-08;Tichondrius
Pilax;33;2023-10-08;Tichondrius
Pilay;0.04;2023-10-08;Tichondrius
Pilaz;0.04;2023-10-08;Tichondrius
Pilead;20;2023-10-08;Tichondrius
Pilgobo;33;2023-10-08;Tichondrius
Piloc;18;2023-10-08;Tichondrius
Pilrock;0.04;2023-10-08;Tichondrius
Piltap;33;2023-10-08;Tichondrius
Pilyr;33;2023-10-08;Tichondrius
Plasmashock;395;Unknown;Tichondrius
Possums;24;2024-11-06;Thrall
Preparednow;288;2020-06-07;Tichondrius
Propagandhi;6;2025-10-11;Kil'jaeden
Pull;6;2023-12-11;Tichondrius
Punx;6;2026-01-19;Tichondrius
Raethen;0.67;2026-03-07;Area52
Ramonda;489;2021-01-20;Tichondrius
Ranriko;18;2025-07-22;Thrall
Rathdmix;35;2025-10-06;Thrall
Rathofair;2;2025-05-26;Thrall
Rathphd;0.42;2025-11-21;Thrall
Raybrew;1230;2020-06-07;Tichondrius
Rayllester;0.38;2019-06-17;Tichondrius
Rayllister;7;2020-06-07;Tichondrius
Reptàr;16;2020-06-07;Tichondrius
Revoxx;35;2025-12-14;Area52
Rhapsodyy;5;2026-02-25;Tichondrius
Richardcheny;1714;2021-06-12;Tichondrius
Rincewínd;0.42;2020-06-07;Tichondrius
Rockinsockin;555;2024-09-08;Tichondrius
Ronnyregs;468;2021-06-12;Tichondrius
Rookie;12;2025-11-07;Stormscale
Rottenfish;12;2024-08-22;Tichondrius
Rôlf;432;2024-08-23;Sargeras
Sacdaddie;0.83;2024-08-22;Illidan
Sackychan;0.02;2026-01-19;Illidan
Sacmama;3;2026-03-10;Illidan
Sacmommy;10;2024-11-18;Illidan
Sanjidru;247;Unknown;Tichondrius
Sarcasm;3;2025-01-20;Thrall
Saria;5;2026-03-04;Kil'jaeden
Saristiria;16;2021-01-20;Tichondrius
Saternis;1;2026-03-07;Stormrage
Savoie;88;2025-10-18;Tichondrius
Sawchuk;434;2024-07-03;Tichondrius
Sepulchira;419;2025-01-02;Thrall
Sillomon;98;2024-08-20;Proudmoore
Sistafister;1357;2018-10-09;Tichondrius
Skunkmønk;166;2024-11-17;Hyjal
Sleep;0.13;2026-02-25;Sargeras
Sonicdoom;1357;2018-10-09;Tichondrius
Squíshÿ;327;2024-08-04;Tichondrius
Stamkos;572;2024-07-03;Tichondrius
Stezka;166;2023-12-07;Tichondrius
Strongbàd;11;2020-06-07;Tichondrius
Strongmad;72;2025-12-06;Tichondrius
Strongmadd;14;2020-06-07;Tichondrius
Strungout;6;2024-08-30;Tichondrius
Stuggles;247;2025-07-13;Hyjal
Stuggles;166;2025-07-23;Tichondrius
Sundaecrunch;15;2024-08-20;Tichondrius
Swordfish;0.5;2024-08-26;Tichondrius
Sydor;7;2025-01-04;EmeraldDream
Sägwa;0.38;2024-09-01;Proudmoore
Tacoz;33;2025-02-04;Tichondrius
Taitie;21;2023-10-09;Tichondrius
Tauros;7;2025-06-10;EmeraldDream
Taushka;13;2026-02-25;Tichondrius
Tejate;3;2025-06-21;Tichondrius
Tentaclies;231;2025-07-01;Thrall
Texastea;186;2023-10-17;Tichondrius
Thecheat;14;2020-06-07;Tichondrius
Thiccturtle;244;2025-05-26;Hyjal
Thighlenol;24;2023-12-09;Tichondrius
Thightanik;33;2025-06-21;Tichondrius
Thomoosejeff;415;2021-06-12;Tichondrius
Thrashery;11;2023-10-09;Tichondrius
Tibarnelas;0.02;2026-02-22;Proudmoore
Timul;13;2021-01-20;Tichondrius
Timuli;1;2021-01-20;Tichondrius
Tinyroar;100;2023-10-09;Tichondrius
Toastadas;3;2024-08-18;Tichondrius
Totemcrow;35;2024-08-20;Tichondrius
Tresleche;33;2025-06-21;Tichondrius
Trevór;0.75;2020-06-07;Tichondrius
Trystaysis;19;Unknown;Tichondrius
Turris;3;2024-08-20;EmeraldDream
Tyutin;3;2024-11-20;EmeraldDream
Târrosh;1701;Unknown;Tichondrius
Umbrabrew;11;2020-10-16;Tichondrius
Umbrachimera;2;2010-09-24;Tichondrius
Umbrachimx;2;2025-10-17;Thrall
Umbradaemon;35;2020-06-07;Tichondrius
Umbrademon;11;2025-07-05;Tichondrius
Umbradino;35;2024-06-15;Tichondrius
Umbradley;104;2025-12-02;Tichondrius
Umbradoom;0.02;2010-09-24;Tichondrius
Umbradrac;11;2023-07-05;Tichondrius
Umbrafel;35;2024-07-02;Tichondrius
Umbrahorn;35;2025-11-19;Tichondrius
Umbrahunter;11;2024-07-03;Tichondrius
Umbralumen;14;2023-07-04;Tichondrius
Umbraluxie;35;2024-06-23;Tichondrius
Umbramagi;11;2020-06-07;Tichondrius
Umbranoctem;14;2020-06-07;Tichondrius
Umbraonyx;11;2024-09-03;Tichondrius
Umbraphoenix;14;2020-09-04;Tichondrius
Umbraranger;8;2020-11-30;Tichondrius
Umbraremix;4;2025-11-19;Tichondrius
Umbrarogue;35;2023-07-02;Tichondrius
Umbrashammy;11;2024-07-02;Tichondrius
Umbratraitor;35;2023-12-25;Tichondrius
Umbrawndo;4;2020-08-05;Tichondrius
Umbrawolfie;35;2024-07-03;Tichondrius
Unzoli;18;2025-03-14;EmeraldDream
Urkat;0.46;2026-02-25;Tichondrius
Ursogore;129;2025-08-18;Sargeras
Ursolace;80;2025-08-11;Sargeras
Varúlfur;202;2024-11-02;SistersofElune
Velcana;847;2023-11-21;Tichondrius
Venidora;0.5;2026-01-17;Thrall
Voidrath;18;2026-01-04;Thrall
Vomits;81;2024-11-03;Thrall
Vrestroms;166;2025-05-20;Area52
Vyniri;2;2021-01-20;Tichondrius
Vyniro;2;2021-01-20;Tichondrius
Vynstallash;12;2021-01-20;Tichondrius
Wackills;196;2023-12-28;Tichondrius
Wangjangley;11;2025-03-04;Illidan
Waxmati;0.88;2024-10-30;Thrall
Waxonwaaxoff;201;2020-06-07;Tichondrius
Whim;0.79;2024-08-20;Tichondrius
Whimothy;118;2025-11-10;Tichondrius
Whimpossible;35;2024-08-20;Tichondrius
Whimsi;8;2024-08-20;Tichondrius
Willsmiff;18;2024-09-01;Sargeras
Windcannon;1826;2024-08-29;Tichondrius
Wumpers;2;2024-08-20;Tichondrius
Wuxiang;202;2024-11-02;SistersofElune
Xyri;221;2021-01-20;Tichondrius
Xyrixi;2;2021-01-20;Tichondrius
Yaroa;33;2025-06-21;Tichondrius
Ynci;505;2020-06-07;Tichondrius
Yrsia;16;2025-03-16;EmeraldDream
Zariè;21;2025-01-20;Thrall
Ziffhulk;1940;2020-09-15;Tichondrius
Ziffnab;1855;2020-09-15;Tichondrius
Zolenni;15;2025-08-10;EmeraldDream
Zombwie;18;2024-11-02;Thrall
Zowiee;2;2024-11-05;Thrall
Ænema;0.63;2026-03-07;Tichondrius